matrix,nodes,conns,fabric,status,wall_s,flows_fin,makespan_us,fct_min_us,fct_p50_us,fct_p99_us,fct_max_us,total_GB,New,Rtx,RTS,Bounced,ACKs,NACKs,Pulls,sleek,spurious,pfc_pauses,pfc_pause_us,max_queue_bytes,slowdown_p50,slowdown_p99,slowdown_max,fairness_jain
/home/mahmoud_murad_allaah/HTSIM/htsim/sim/datacenter/experiments/runs/a2a_conc_128_1024/matrices/a2a_128n_100MB.cm,128,16256,1os,ok,11760,16256,725748.0,424162.0,579876.0,705167.0,725748.0,1625.600,0,0,0,0,0,0,0,0,0,4889415,18191300.0,117568,144.9692,176.3000,181.4370,0.9897
/home/mahmoud_murad_allaah/HTSIM/htsim/sim/datacenter/experiments/runs/a2a_conc_128_1024/matrices/a2a_128n_100MB.cm,128,16256,4os,ok,13370,16256,2097440.0,1232020.0,1891530.0,2064210.0,2097440.0,1625.600,0,0,0,0,0,0,0,0,0,20734405,256470000.0,118080,472.8900,516.1650,524.3600,0.9963
/home/mahmoud_murad_allaah/HTSIM/htsim/sim/datacenter/experiments/runs/a2a_conc_128_1024/matrices/a2a_128n_100MB.cm,128,16256,8os,ok,13555,16256,3959400.0,3766290.0,3885990.0,3958920.0,3959400.0,1625.600,0,0,0,0,0,0,0,0,0,28797880,490550000.0,118016,971.5000,989.7300,989.8500,0.9999
/home/mahmoud_murad_allaah/HTSIM/htsim/sim/datacenter/experiments/runs/a2a_conc_128_1024/matrices/a2a_128n_16MB.cm,128,16256,1os,ok,1871,16256,116025.0,68106.0,91653.1,112191.0,116025.0,260.096,0,0,0,0,0,0,0,0,0,754874,2940550.0,117152,143.2130,175.3625,181.2891,0.9890
/home/mahmoud_murad_allaah/HTSIM/htsim/sim/datacenter/experiments/runs/a2a_conc_128_1024/matrices/a2a_128n_16MB.cm,128,16256,4os,ok,2221,16256,334566.0,207036.0,302667.0,329312.0,334566.0,260.096,0,0,0,0,0,0,0,0,0,3306786,40937600.0,118080,472.9203,514.5797,522.7594,0.9965
/home/mahmoud_murad_allaah/HTSIM/htsim/sim/datacenter/experiments/runs/a2a_conc_128_1024/matrices/a2a_128n_16MB.cm,128,16256,8os,ok,2330,16256,633918.0,602207.0,621753.0,633720.0,633918.0,260.096,0,0,0,0,0,0,0,0,0,4607750,78477200.0,118016,971.4891,990.1891,990.4969,0.9999
/home/mahmoud_murad_allaah/HTSIM/htsim/sim/datacenter/experiments/runs/a2a_conc_128_1024/matrices/a2a_128n_64MB.cm,128,16256,1os,ok,7349,16256,463698.0,276216.0,370214.0,450815.0,463698.0,1040.384,0,0,0,0,0,0,0,0,0,3111015,11651700.0,117312,144.6160,176.1242,181.1320,0.9891
/home/mahmoud_murad_allaah/HTSIM/htsim/sim/datacenter/experiments/runs/a2a_conc_128_1024/matrices/a2a_128n_64MB.cm,128,16256,4os,ok,8329,16256,1341220.0,795123.0,1211180.0,1320190.0,1341220.0,1040.384,0,0,0,0,0,0,0,0,0,13264761,164100000.0,118080,473.1172,515.7500,523.9141,0.9963
/home/mahmoud_murad_allaah/HTSIM/htsim/sim/datacenter/experiments/runs/a2a_conc_128_1024/matrices/a2a_128n_64MB.cm,128,16256,8os,ok,8698,16256,2534990.0,2408820.0,2487200.0,2534350.0,2534990.0,1040.384,0,0,0,0,0,0,0,0,0,18428736,313924000.0,118016,971.5625,989.9805,990.2305,0.9999
/home/mahmoud_murad_allaah/HTSIM/htsim/sim/datacenter/experiments/runs/all_workloads_128_1024/matrices/incast_random_1024n_100MB.cm,1024,1023,1os,ok,1452,1023,4181200.0,510850.0,3353560.0,4177530.0,4181200.0,102.300,0,0,0,0,0,0,0,0,0,4482962,6770770000.0,113792,838.8725,1044.4925,1045.3000,0.7221
/home/mahmoud_murad_allaah/HTSIM/htsim/sim/datacenter/experiments/runs/all_workloads_128_1024/matrices/incast_random_1024n_100MB.cm,1024,1023,4os,ok,4334,1023,4193160.0,646478.0,3635540.0,4190260.0,4193160.0,102.300,0,0,0,0,0,0,0,0,0,4319933,4469730000.0,113792,908.9825,1047.6950,1048.2900,0.8892
/home/mahmoud_murad_allaah/HTSIM/htsim/sim/datacenter/experiments/runs/all_workloads_128_1024/matrices/incast_random_1024n_100MB.cm,1024,1023,8os,ok,5944,1023,4185310.0,942203.0,3608700.0,4182630.0,4185310.0,102.300,0,0,0,0,0,0,0,0,0,4437579,4324610000.0,113792,902.1900,1045.7625,1046.3275,0.9060
/home/mahmoud_murad_allaah/HTSIM/htsim/sim/datacenter/experiments/runs/all_workloads_128_1024/matrices/incast_random_1024n_16MB.cm,1024,1023,1os,ok,58,1023,669152.0,87020.2,533690.0,668610.0,669152.0,16.368,0,0,0,0,0,0,0,0,0,721420,1080710000.0,113792,834.4062,1044.8016,1045.5500,0.7365
/home/mahmoud_murad_allaah/HTSIM/htsim/sim/datacenter/experiments/runs/all_workloads_128_1024/matrices/incast_random_1024n_16MB.cm,1024,1023,4os,ok,189,1023,670410.0,103757.0,578964.0,669484.0,670410.0,16.368,0,0,0,0,0,0,0,0,0,693865,716482000.0,113792,904.8344,1046.1031,1047.5156,0.8907
/home/mahmoud_murad_allaah/HTSIM/htsim/sim/datacenter/experiments/runs/all_workloads_128_1024/matrices/incast_random_1024n_16MB.cm,1024,1023,8os,ok,274,1023,669114.0,151242.0,576704.0,668396.0,669114.0,16.368,0,0,0,0,0,0,0,0,0,712216,692832000.0,113792,901.1969,1044.4141,1045.4906,0.9073
/home/mahmoud_murad_allaah/HTSIM/htsim/sim/datacenter/experiments/runs/all_workloads_128_1024/matrices/incast_random_1024n_64MB.cm,1024,1023,1os,ok,617,1023,2675930.0,329682.0,2144510.0,2674700.0,2675930.0,65.472,0,0,0,0,0,0,0,0,0,2871314,4332650000.0,113792,838.0703,1044.8086,1045.2852,0.7266
/home/mahmoud_murad_allaah/HTSIM/htsim/sim/datacenter/experiments/runs/all_workloads_128_1024/matrices/incast_random_1024n_64MB.cm,1024,1023,4os,ok,2658,1023,2684300.0,413967.0,2323350.0,2682250.0,2684300.0,65.472,0,0,0,0,0,0,0,0,0,2758107,2860160000.0,113792,907.7500,1047.8789,1048.5547,0.8894
/home/mahmoud_murad_allaah/HTSIM/htsim/sim/datacenter/experiments/runs/all_workloads_128_1024/matrices/incast_random_1024n_64MB.cm,1024,1023,8os,ok,2719,1023,2678610.0,605307.0,2308450.0,2677440.0,2678610.0,65.472,0,0,0,0,0,0,0,0,0,2840889,2768690000.0,113792,902.0039,1045.8906,1046.3320,0.9063
/home/mahmoud_murad_allaah/HTSIM/htsim/sim/datacenter/experiments/runs/all_workloads_128_1024/matrices/incast_random_128n_100MB.cm,128,127,1os,ok,116,127,579901.0,476411.0,546830.0,579423.0,579901.0,12.700,0,0,0,0,0,0,0,0,0,357005,24808600.0,113792,136.7840,144.9607,144.9752,0.9979
/home/mahmoud_murad_allaah/HTSIM/htsim/sim/datacenter/experiments/runs/all_workloads_128_1024/matrices/incast_random_128n_100MB.cm,128,127,4os,ok,258,127,580984.0,500183.0,554957.0,580586.0,580984.0,12.700,0,0,0,0,0,0,0,0,0,428770,27228200.0,113792,138.8990,145.1640,145.2460,0.9992
/home/mahmoud_murad_allaah/HTSIM/htsim/sim/datacenter/experiments/runs/all_workloads_128_1024/matrices/incast_random_128n_100MB.cm,128,127,8os,ok,314,127,603029.0,495085.0,581609.0,602891.0,603029.0,12.700,0,0,0,0,0,0,0,0,0,354891,18026500.0,113792,145.4390,150.7510,150.7572,0.9977
/home/mahmoud_murad_allaah/HTSIM/htsim/sim/datacenter/experiments/runs/all_workloads_128_1024/matrices/incast_random_128n_16MB.cm,128,127,1os,ok,11,127,95178.1,66125.2,89000.7,95000.3,95178.1,2.032,0,0,0,0,0,0,0,0,0,54416,3598520.0,113792,139.1180,148.4862,148.7158,0.9947
/home/mahmoud_murad_allaah/HTSIM/htsim/sim/datacenter/experiments/runs/all_workloads_128_1024/matrices/incast_random_128n_16MB.cm,128,127,4os,ok,11,127,94646.7,72519.2,89630.6,94339.8,94646.7,2.032,0,0,0,0,0,0,0,0,0,66970,4125930.0,113792,140.1252,147.7416,147.8855,0.9975
/home/mahmoud_murad_allaah/HTSIM/htsim/sim/datacenter/experiments/runs/all_workloads_128_1024/matrices/incast_random_128n_16MB.cm,128,127,8os,ok,11,127,98207.4,75995.2,92975.7,98133.5,98207.4,2.032,0,0,0,0,0,0,0,0,0,54735,2699610.0,113792,145.3236,153.4009,153.4491,0.9962
/home/mahmoud_murad_allaah/HTSIM/htsim/sim/datacenter/experiments/runs/all_workloads_128_1024/matrices/incast_random_128n_64MB.cm,128,127,1os,ok,60,127,372423.0,305832.0,349964.0,372288.0,372423.0,8.128,0,0,0,0,0,0,0,0,0,227138,15770200.0,113792,136.7941,145.4316,145.4777,0.9978
/home/mahmoud_murad_allaah/HTSIM/htsim/sim/datacenter/experiments/runs/all_workloads_128_1024/matrices/incast_random_128n_64MB.cm,128,127,4os,ok,110,127,373000.0,319306.0,357371.0,372937.0,373000.0,8.128,0,0,0,0,0,0,0,0,0,273631,17272900.0,113792,139.6367,145.6937,145.7031,0.9991
/home/mahmoud_murad_allaah/HTSIM/htsim/sim/datacenter/experiments/runs/all_workloads_128_1024/matrices/incast_random_128n_64MB.cm,128,127,8os,ok,127,127,386638.0,313198.0,371752.0,386390.0,386638.0,8.128,0,0,0,0,0,0,0,0,0,228148,11603100.0,113792,145.5613,150.9371,151.0305,0.9977
/home/mahmoud_murad_allaah/HTSIM/htsim/sim/datacenter/experiments/runs/all_workloads_128_1024/matrices/incast_remote_1024n_100MB.cm,1024,512,1os,ok,133,512,2107340.0,524766.0,1767460.0,2106170.0,2107340.0,51.200,0,0,0,0,0,0,0,0,0,2289895,1786430000.0,113792,442.6725,526.6025,526.8350,0.9034
/home/mahmoud_murad_allaah/HTSIM/htsim/sim/datacenter/experiments/runs/all_workloads_128_1024/matrices/incast_remote_1024n_100MB.cm,1024,512,4os,ok,109,512,2110110.0,616614.0,1838700.0,2109060.0,2110110.0,51.200,0,0,0,0,0,0,0,0,0,2310507,1180980000.0,113792,459.7250,527.3375,527.5275,0.9118
/home/mahmoud_murad_allaah/HTSIM/htsim/sim/datacenter/experiments/runs/all_workloads_128_1024/matrices/incast_remote_1024n_100MB.cm,1024,512,8os,ok,99,512,2112030.0,652367.0,1857410.0,2110880.0,2112030.0,51.200,0,0,0,0,0,0,0,0,0,2392705,1157470000.0,113792,464.6150,527.8625,528.0075,0.9299
/home/mahmoud_murad_allaah/HTSIM/htsim/sim/datacenter/experiments/runs/all_workloads_128_1024/matrices/incast_remote_1024n_16MB.cm,1024,512,1os,ok,16,512,337258.0,87330.3,280994.0,336638.0,337258.0,8.192,0,0,0,0,0,0,0,0,0,368320,286591000.0,113792,439.1109,526.4672,526.9656,0.9051
/home/mahmoud_murad_allaah/HTSIM/htsim/sim/datacenter/experiments/runs/all_workloads_128_1024/matrices/incast_remote_1024n_16MB.cm,1024,512,4os,ok,16,512,336741.0,96000.3,292469.0,336310.0,336741.0,8.192,0,0,0,0,0,0,0,0,0,373686,191476000.0,113792,457.0578,525.5781,526.1578,0.9161
/home/mahmoud_murad_allaah/HTSIM/htsim/sim/datacenter/experiments/runs/all_workloads_128_1024/matrices/incast_remote_1024n_16MB.cm,1024,512,8os,ok,15,512,337057.0,100134.0,295150.0,336632.0,337057.0,8.192,0,0,0,0,0,0,0,0,0,387312,185959000.0,113792,461.9219,526.1109,526.6516,0.9327
/home/mahmoud_murad_allaah/HTSIM/htsim/sim/datacenter/experiments/runs/all_workloads_128_1024/matrices/incast_remote_1024n_64MB.cm,1024,512,1os,ok,76,512,1349300.0,346847.0,1132550.0,1348700.0,1349300.0,32.768,0,0,0,0,0,0,0,0,0,1467296,1141530000.0,113792,442.4336,526.8750,527.0703,0.9033
/home/mahmoud_murad_allaah/HTSIM/htsim/sim/datacenter/experiments/runs/all_workloads_128_1024/matrices/incast_remote_1024n_64MB.cm,1024,512,4os,ok,67,512,1350090.0,391021.0,1173120.0,1349620.0,1350090.0,32.768,0,0,0,0,0,0,0,0,0,1480099,756721000.0,113792,458.6055,527.2656,527.3789,0.9121
/home/mahmoud_murad_allaah/HTSIM/htsim/sim/datacenter/experiments/runs/all_workloads_128_1024/matrices/incast_remote_1024n_64MB.cm,1024,512,8os,ok,62,512,1351270.0,420220.0,1191650.0,1350550.0,1351270.0,32.768,0,0,0,0,0,0,0,0,0,1525024,740321000.0,113792,465.5312,527.6172,527.8398,0.9312
/home/mahmoud_murad_allaah/HTSIM/htsim/sim/datacenter/experiments/runs/all_workloads_128_1024/matrices/incast_remote_128n_100MB.cm,128,64,1os,ok,397,64,390726.0,367041.0,383211.0,390629.0,390726.0,6.400,0,0,0,0,0,0,0,0,0,81130,1770080.0,113792,95.8107,97.6815,97.6815,0.9997
/home/mahmoud_murad_allaah/HTSIM/htsim/sim/datacenter/experiments/runs/all_workloads_128_1024/matrices/incast_remote_128n_100MB.cm,128,64,4os,ok,238,64,396402.0,364065.0,388003.0,396289.0,396402.0,6.400,0,0,0,0,0,0,0,0,0,114938,2117530.0,113792,97.1880,99.1005,99.1005,0.9996
/home/mahmoud_murad_allaah/HTSIM/htsim/sim/datacenter/experiments/runs/all_workloads_128_1024/matrices/incast_remote_128n_100MB.cm,128,64,8os,ok,93,64,390663.0,375798.0,387979.0,390651.0,390663.0,6.400,0,0,0,0,0,0,0,0,0,93822,1438210.0,113792,97.0203,97.6658,97.6658,0.9999
/home/mahmoud_murad_allaah/HTSIM/htsim/sim/datacenter/experiments/runs/all_workloads_128_1024/matrices/incast_remote_128n_16MB.cm,128,64,1os,ok,14,64,63332.0,56285.9,61831.3,63310.9,63332.0,1.024,0,0,0,0,0,0,0,0,0,12830,339951.0,113792,96.6538,98.9562,98.9562,0.9991
/home/mahmoud_murad_allaah/HTSIM/htsim/sim/datacenter/experiments/runs/all_workloads_128_1024/matrices/incast_remote_128n_16MB.cm,128,64,4os,ok,13,64,65100.1,59418.5,63469.2,65028.9,65100.1,1.024,0,0,0,0,0,0,0,0,0,16090,300514.0,113792,99.3430,101.7189,101.7189,0.9995
/home/mahmoud_murad_allaah/HTSIM/htsim/sim/datacenter/experiments/runs/all_workloads_128_1024/matrices/incast_remote_128n_16MB.cm,128,64,8os,ok,9,64,64581.6,57058.9,63267.3,64536.9,64581.6,1.024,0,0,0,0,0,0,0,0,0,14129,227726.0,113792,98.9073,100.9087,100.9087,0.9993
/home/mahmoud_murad_allaah/HTSIM/htsim/sim/datacenter/experiments/runs/all_workloads_128_1024/matrices/incast_remote_128n_64MB.cm,128,64,1os,ok,172,64,250168.0,230308.0,245218.0,250114.0,250168.0,4.096,0,0,0,0,0,0,0,0,0,52680,1197250.0,113792,95.8328,97.7219,97.7219,0.9996
/home/mahmoud_murad_allaah/HTSIM/htsim/sim/datacenter/experiments/runs/all_workloads_128_1024/matrices/incast_remote_128n_64MB.cm,128,64,4os,ok,111,64,254309.0,236330.0,248930.0,254242.0,254309.0,4.096,0,0,0,0,0,0,0,0,0,71741,1308100.0,113792,97.2547,99.3395,99.3395,0.9996
/home/mahmoud_murad_allaah/HTSIM/htsim/sim/datacenter/experiments/runs/all_workloads_128_1024/matrices/incast_remote_128n_64MB.cm,128,64,8os,ok,52,64,251059.0,240767.0,248897.0,250964.0,251059.0,4.096,0,0,0,0,0,0,0,0,0,60061,931465.0,113792,97.2539,98.0699,98.0699,0.9999
/home/mahmoud_murad_allaah/HTSIM/htsim/sim/datacenter/experiments/runs/all_workloads_128_1024/matrices/outcast_incast_1024n_100MB.cm,1024,509,1os,ok,224,509,598319.0,9605.1,34950.6,597376.0,598319.0,50.900,0,0,0,0,0,0,0,0,0,347871,28351400.0,117504,8.7435,149.4180,149.5797,0.6196
/home/mahmoud_murad_allaah/HTSIM/htsim/sim/datacenter/experiments/runs/all_workloads_128_1024/matrices/outcast_incast_1024n_100MB.cm,1024,509,4os,ok,242,509,623470.0,13061.9,155695.0,622956.0,623470.0,50.900,0,0,0,0,0,0,0,0,0,391795,13763800.0,117248,38.9355,155.7640,155.8675,0.5119
/home/mahmoud_murad_allaah/HTSIM/htsim/sim/datacenter/experiments/runs/all_workloads_128_1024/matrices/outcast_incast_1024n_100MB.cm,1024,509,8os,ok,220,509,627471.0,13177.9,261694.0,626704.0,627471.0,50.900,0,0,0,0,0,0,0,0,0,517100,15869900.0,116608,65.7635,156.7022,156.8678,0.3775
/home/mahmoud_murad_allaah/HTSIM/htsim/sim/datacenter/experiments/runs/all_workloads_128_1024/matrices/outcast_incast_1024n_16MB.cm,1024,509,1os,ok,30,509,96591.1,1972.2,7870.3,96389.8,96591.1,8.144,0,0,0,0,0,0,0,0,0,56667,4422650.0,117504,12.3074,150.6484,150.9236,0.6563
/home/mahmoud_murad_allaah/HTSIM/htsim/sim/datacenter/experiments/runs/all_workloads_128_1024/matrices/outcast_incast_1024n_16MB.cm,1024,509,4os,ok,27,509,102627.0,2662.7,30626.9,102349.0,102627.0,8.144,0,0,0,0,0,0,0,0,0,59876,1977140.0,116864,47.9161,159.9734,160.3547,0.5593
/home/mahmoud_murad_allaah/HTSIM/htsim/sim/datacenter/experiments/runs/all_workloads_128_1024/matrices/outcast_incast_1024n_16MB.cm,1024,509,8os,ok,23,509,102733.0,2790.5,45124.2,102548.0,102733.0,8.144,0,0,0,0,0,0,0,0,0,82172,2539280.0,115712,70.5662,160.2406,160.5203,0.4643
/home/mahmoud_murad_allaah/HTSIM/htsim/sim/datacenter/experiments/runs/all_workloads_128_1024/matrices/outcast_incast_1024n_64MB.cm,1024,509,1os,ok,126,509,383260.0,6695.0,24418.9,382631.0,383260.0,32.576,0,0,0,0,0,0,0,0,0,227970,19146000.0,117504,9.5612,149.4727,149.7109,0.6205
/home/mahmoud_murad_allaah/HTSIM/htsim/sim/datacenter/experiments/runs/all_workloads_128_1024/matrices/outcast_incast_1024n_64MB.cm,1024,509,4os,ok,130,509,399400.0,8634.4,94019.9,399193.0,399400.0,32.576,0,0,0,0,0,0,0,0,0,245026,8749020.0,116736,36.7955,155.9504,156.0156,0.5308
/home/mahmoud_murad_allaah/HTSIM/htsim/sim/datacenter/experiments/runs/all_workloads_128_1024/matrices/outcast_incast_1024n_64MB.cm,1024,509,8os,ok,121,509,403284.0,8736.2,157467.0,402624.0,403284.0,32.576,0,0,0,0,0,0,0,0,0,326071,9990830.0,117248,61.6211,157.2914,157.5328,0.3937
/home/mahmoud_murad_allaah/HTSIM/htsim/sim/datacenter/experiments/runs/all_workloads_128_1024/matrices/outcast_incast_128n_100MB.cm,128,61,1os,ok,48,61,79970.8,9541.1,24296.7,79886.1,79970.8,6.100,0,0,0,0,0,0,0,0,0,1765,11770.8,113792,6.4411,19.9927,19.9927,0.7117
/home/mahmoud_murad_allaah/HTSIM/htsim/sim/datacenter/experiments/runs/all_workloads_128_1024/matrices/outcast_incast_128n_100MB.cm,128,61,4os,ok,78,61,79850.6,13011.3,60824.7,79475.2,79850.6,6.100,0,0,0,0,0,0,0,0,0,2315,16102.6,113856,15.2063,19.9627,19.9627,0.6953
/home/mahmoud_murad_allaah/HTSIM/htsim/sim/datacenter/experiments/runs/all_workloads_128_1024/matrices/outcast_incast_128n_100MB.cm,128,61,8os,ok,33,61,144581.0,15875.2,94355.6,144487.0,144581.0,6.100,0,0,0,0,0,0,0,0,0,6607,30986.2,113792,24.2712,36.1452,36.1452,0.5628
/home/mahmoud_murad_allaah/HTSIM/htsim/sim/datacenter/experiments/runs/all_workloads_128_1024/matrices/outcast_incast_128n_16MB.cm,128,61,1os,ok,3,61,14904.4,1363.0,5283.6,14809.7,14904.4,0.976,0,0,0,0,0,0,0,0,0,969,8968.0,113792,8.3500,23.2881,23.2881,0.7032
/home/mahmoud_murad_allaah/HTSIM/htsim/sim/datacenter/experiments/runs/all_workloads_128_1024/matrices/outcast_incast_128n_16MB.cm,128,61,4os,ok,3,61,15171.7,2215.0,11520.5,15031.4,15171.7,0.976,0,0,0,0,0,0,0,0,0,870,9545.8,113856,18.0253,23.7058,23.7058,0.6923
/home/mahmoud_murad_allaah/HTSIM/htsim/sim/datacenter/experiments/runs/all_workloads_128_1024/matrices/outcast_incast_128n_16MB.cm,128,61,8os,ok,4,61,24563.2,3090.2,14917.0,24557.7,24563.2,0.976,0,0,0,0,0,0,0,0,0,705,6807.8,113792,23.4472,38.3800,38.3800,0.6290
/home/mahmoud_murad_allaah/HTSIM/htsim/sim/datacenter/experiments/runs/all_workloads_128_1024/matrices/outcast_incast_128n_64MB.cm,128,61,1os,ok,22,61,52185.3,5830.4,17549.1,52170.4,52185.3,3.904,0,0,0,0,0,0,0,0,0,1553,11094.3,113792,6.9311,20.3849,20.3849,0.7117
/home/mahmoud_murad_allaah/HTSIM/htsim/sim/datacenter/experiments/runs/all_workloads_128_1024/matrices/outcast_incast_128n_64MB.cm,128,61,4os,ok,35,61,52105.3,8381.1,40229.0,51926.1,52105.3,3.904,0,0,0,0,0,0,0,0,0,1338,11526.9,113856,15.7234,20.3536,20.3536,0.6908
/home/mahmoud_murad_allaah/HTSIM/htsim/sim/datacenter/experiments/runs/all_workloads_128_1024/matrices/outcast_incast_128n_64MB.cm,128,61,8os,ok,22,61,93562.1,10685.2,63913.9,93454.4,93562.1,3.904,0,0,0,0,0,0,0,0,0,3843,19803.2,113792,25.1556,36.5477,36.5477,0.5689
/home/mahmoud_murad_allaah/HTSIM/htsim/sim/datacenter/experiments/runs/all_workloads_128_1024/matrices/perm_fullbis_1024n_100MB.cm,1024,1024,1os,ok,757,1024,23204.0,4083.3,11563.9,21832.1,23204.0,102.400,0,0,0,0,0,0,0,0,0,5896,30151.9,117376,2.8910,5.4769,5.8010,0.8012
/home/mahmoud_murad_allaah/HTSIM/htsim/sim/datacenter/experiments/runs/all_workloads_128_1024/matrices/perm_fullbis_1024n_100MB.cm,1024,1024,4os,ok,1129,1024,46832.1,6972.0,23744.9,41902.1,46832.1,102.400,0,0,0,0,0,0,0,0,0,9969,99550.3,117056,5.9420,10.4769,11.7080,0.8611
/home/mahmoud_murad_allaah/HTSIM/htsim/sim/datacenter/experiments/runs/all_workloads_128_1024/matrices/perm_fullbis_1024n_100MB.cm,1024,1024,8os,ok,1679,1024,73099.7,7670.7,42403.5,71617.2,73099.7,102.400,0,0,0,0,0,0,0,0,0,22396,215510.0,117120,10.6041,17.9282,18.2749,0.8872
/home/mahmoud_murad_allaah/HTSIM/htsim/sim/datacenter/experiments/runs/all_workloads_128_1024/matrices/perm_fullbis_1024n_16MB.cm,1024,1024,1os,ok,73,1024,6284.1,664.1,2093.4,4685.3,6284.1,16.384,0,0,0,0,0,0,0,0,0,6356,35072.9,117632,3.2710,7.3245,9.8189,0.7214
/home/mahmoud_murad_allaah/HTSIM/htsim/sim/datacenter/experiments/runs/all_workloads_128_1024/matrices/perm_fullbis_1024n_16MB.cm,1024,1024,4os,ok,82,1024,10813.7,1015.0,4632.5,9178.0,10813.7,16.384,0,0,0,0,0,0,0,0,0,9429,96090.4,117184,7.2420,15.2569,16.8964,0.8682
/home/mahmoud_murad_allaah/HTSIM/htsim/sim/datacenter/experiments/runs/all_workloads_128_1024/matrices/perm_fullbis_1024n_16MB.cm,1024,1024,8os,ok,100,1024,15379.5,2544.6,8176.6,14283.2,15379.5,16.384,0,0,0,0,0,0,0,0,0,12589,171803.0,117888,12.7770,22.4459,24.0305,0.9176
/home/mahmoud_murad_allaah/HTSIM/htsim/sim/datacenter/experiments/runs/all_workloads_128_1024/matrices/perm_fullbis_1024n_64MB.cm,1024,1024,1os,ok,418,1024,20946.3,2618.4,7720.2,17752.7,20946.3,65.536,0,0,0,0,0,0,0,0,0,6386,34482.8,117632,3.0157,7.0493,8.1821,0.7709
/home/mahmoud_murad_allaah/HTSIM/htsim/sim/datacenter/experiments/runs/all_workloads_128_1024/matrices/perm_fullbis_1024n_64MB.cm,1024,1024,4os,ok,568,1024,31181.4,4939.2,16423.9,30221.0,31181.4,65.536,0,0,0,0,0,0,0,0,0,10095,102192.0,117344,6.4178,11.8700,12.1802,0.8488
/home/mahmoud_murad_allaah/HTSIM/htsim/sim/datacenter/experiments/runs/all_workloads_128_1024/matrices/perm_fullbis_1024n_64MB.cm,1024,1024,8os,ok,785,1024,50688.0,7621.0,28600.9,47042.3,50688.0,65.536,0,0,0,0,0,0,0,0,0,16683,193207.0,117120,11.2129,18.7220,19.8000,0.9073
/home/mahmoud_murad_allaah/HTSIM/htsim/sim/datacenter/experiments/runs/all_workloads_128_1024/matrices/perm_fullbis_128n_100MB.cm,128,128,1os,ok,60,128,26479.8,4084.3,11569.3,26180.9,26479.8,12.800,0,0,0,0,0,0,0,0,0,755,4040.8,116224,2.8924,6.6056,6.6200,0.7798
/home/mahmoud_murad_allaah/HTSIM/htsim/sim/datacenter/experiments/runs/all_workloads_128_1024/matrices/perm_fullbis_128n_100MB.cm,128,128,4os,ok,94,128,41536.0,5243.1,21871.9,41339.8,41536.0,12.800,0,0,0,0,0,0,0,0,0,2034,15515.0,116992,5.5049,10.3835,10.3840,0.8160
/home/mahmoud_murad_allaah/HTSIM/htsim/sim/datacenter/experiments/runs/all_workloads_128_1024/matrices/perm_fullbis_128n_100MB.cm,128,128,8os,ok,148,128,61360.4,21959.5,45194.0,61040.5,61360.4,12.800,0,0,0,0,0,0,0,0,0,3687,30984.0,116608,11.3245,15.3314,15.3401,0.9191
/home/mahmoud_murad_allaah/HTSIM/htsim/sim/datacenter/experiments/runs/all_workloads_128_1024/matrices/perm_fullbis_128n_16MB.cm,128,128,1os,ok,5,128,3634.9,665.5,2088.9,3634.3,3634.9,2.048,0,0,0,0,0,0,0,0,0,733,3445.8,115648,3.2641,5.6793,5.6796,0.7466
/home/mahmoud_murad_allaah/HTSIM/htsim/sim/datacenter/experiments/runs/all_workloads_128_1024/matrices/perm_fullbis_128n_16MB.cm,128,128,4os,ok,6,128,9423.5,665.4,4214.1,9421.9,9423.5,2.048,0,0,0,0,0,0,0,0,0,1731,14722.9,117632,6.5904,14.7231,14.7242,0.6950
/home/mahmoud_murad_allaah/HTSIM/htsim/sim/datacenter/experiments/runs/all_workloads_128_1024/matrices/perm_fullbis_128n_16MB.cm,128,128,8os,ok,8,128,12771.8,3818.0,8307.9,12545.4,12771.8,2.048,0,0,0,0,0,0,0,0,0,1662,20200.7,116992,13.0204,19.7737,19.9559,0.9398
/home/mahmoud_murad_allaah/HTSIM/htsim/sim/datacenter/experiments/runs/all_workloads_128_1024/matrices/perm_fullbis_128n_64MB.cm,128,128,1os,ok,29,128,14667.3,2627.1,7714.2,14597.7,14667.3,8.192,0,0,0,0,0,0,0,0,0,731,3620.2,117248,3.0140,5.7023,5.7294,0.7906
/home/mahmoud_murad_allaah/HTSIM/htsim/sim/datacenter/experiments/runs/all_workloads_128_1024/matrices/perm_fullbis_128n_64MB.cm,128,128,4os,ok,46,128,34901.3,2618.7,17772.8,34702.7,34901.3,8.192,0,0,0,0,0,0,0,0,0,2241,17502.0,117824,6.9489,13.6180,13.6333,0.6842
/home/mahmoud_murad_allaah/HTSIM/htsim/sim/datacenter/experiments/runs/all_workloads_128_1024/matrices/perm_fullbis_128n_64MB.cm,128,128,8os,ok,71,128,44009.5,11629.9,27791.0,43457.5,44009.5,8.192,0,0,0,0,0,0,0,0,0,3129,26588.9,117376,10.8820,17.0616,17.1912,0.9128
/home/mahmoud_murad_allaah/HTSIM/htsim/sim/datacenter/experiments/runs/all_workloads_128_1024/matrices/perm_random_1024n_100MB.cm,1024,1024,1os,ok,827,1024,26989.0,4081.5,12195.0,25384.3,26989.0,102.400,0,0,0,0,0,0,0,0,0,12583,80448.8,117696,3.0539,6.3682,6.7473,0.8551
/home/mahmoud_murad_allaah/HTSIM/htsim/sim/datacenter/experiments/runs/all_workloads_128_1024/matrices/perm_random_1024n_100MB.cm,1024,1024,4os,ok,1185,1024,61054.4,4075.2,24567.6,52837.6,61054.4,102.400,0,0,0,0,0,0,0,0,0,13093,152441.0,117376,6.1422,13.3799,15.2636,0.8259
/home/mahmoud_murad_allaah/HTSIM/htsim/sim/datacenter/experiments/runs/all_workloads_128_1024/matrices/perm_random_1024n_100MB.cm,1024,1024,8os,ok,1596,1024,92528.9,4071.1,38092.2,82159.7,92528.9,102.400,0,0,0,0,0,0,0,0,0,17015,267549.0,117408,9.5255,20.5603,23.1322,0.6555
/home/mahmoud_murad_allaah/HTSIM/htsim/sim/datacenter/experiments/runs/all_workloads_128_1024/matrices/perm_random_1024n_16MB.cm,1024,1024,1os,ok,77,1024,5472.2,655.3,2440.7,4915.6,5472.2,16.384,0,0,0,0,0,0,0,0,0,12569,80415.8,117696,3.8257,7.7150,8.5503,0.7994
/home/mahmoud_murad_allaah/HTSIM/htsim/sim/datacenter/experiments/runs/all_workloads_128_1024/matrices/perm_random_1024n_16MB.cm,1024,1024,4os,ok,85,1024,11871.4,655.2,5000.5,10491.8,11871.4,16.384,0,0,0,0,0,0,0,0,0,12669,150502.0,117376,7.8225,16.4661,18.5491,0.8073
/home/mahmoud_murad_allaah/HTSIM/htsim/sim/datacenter/experiments/runs/all_workloads_128_1024/matrices/perm_random_1024n_16MB.cm,1024,1024,8os,ok,98,1024,16910.7,654.8,7720.8,15627.7,16910.7,16.384,0,0,0,0,0,0,0,0,0,13773,253560.0,117408,12.0773,24.6895,26.4230,0.6479
/home/mahmoud_murad_allaah/HTSIM/htsim/sim/datacenter/experiments/runs/all_workloads_128_1024/matrices/perm_random_1024n_64MB.cm,1024,1024,1os,ok,452,1024,18334.1,2613.6,8298.1,17075.1,18334.1,65.536,0,0,0,0,0,0,0,0,0,12578,80439.9,117696,3.2420,6.7568,7.1618,0.8463
/home/mahmoud_murad_allaah/HTSIM/htsim/sim/datacenter/experiments/runs/all_workloads_128_1024/matrices/perm_random_1024n_64MB.cm,1024,1024,4os,ok,588,1024,41173.6,2607.8,16590.8,36261.2,41173.6,65.536,0,0,0,0,0,0,0,0,0,12942,151942.0,117376,6.4913,14.4665,16.0834,0.8209
/home/mahmoud_murad_allaah/HTSIM/htsim/sim/datacenter/experiments/runs/all_workloads_128_1024/matrices/perm_random_1024n_64MB.cm,1024,1024,8os,ok,767,1024,59973.9,2607.3,25833.2,53587.2,59973.9,65.536,0,0,0,0,0,0,0,0,0,15294,259754.0,117408,10.0964,21.0118,23.4273,0.6522
/home/mahmoud_murad_allaah/HTSIM/htsim/sim/datacenter/experiments/runs/all_workloads_128_1024/matrices/perm_random_128n_100MB.cm,128,128,1os,ok,62,128,22075.4,4086.4,12078.3,21783.3,22075.4,12.800,0,0,0,0,0,0,0,0,0,1527,8393.2,116672,3.0203,5.4588,5.5189,0.8222
/home/mahmoud_murad_allaah/HTSIM/htsim/sim/datacenter/experiments/runs/all_workloads_128_1024/matrices/perm_random_128n_100MB.cm,128,128,4os,ok,87,128,41507.2,4108.8,21295.5,40246.7,41507.2,12.800,0,0,0,0,0,0,0,0,0,2122,20104.0,117728,5.3508,10.2960,10.3768,0.6650
/home/mahmoud_murad_allaah/HTSIM/htsim/sim/datacenter/experiments/runs/all_workloads_128_1024/matrices/perm_random_128n_100MB.cm,128,128,8os,ok,128,128,61764.9,4081.5,36496.1,59407.2,61764.9,12.800,0,0,0,0,0,0,0,0,0,2613,28778.7,117504,9.1278,15.3799,15.4412,0.5545
/home/mahmoud_murad_allaah/HTSIM/htsim/sim/datacenter/experiments/runs/all_workloads_128_1024/matrices/perm_random_128n_16MB.cm,128,128,1os,ok,6,128,4449.0,656.2,2419.2,4298.8,4449.0,2.048,0,0,0,0,0,0,0,0,0,1523,8382.8,116672,3.8472,6.7878,6.9515,0.7610
/home/mahmoud_murad_allaah/HTSIM/htsim/sim/datacenter/experiments/runs/all_workloads_128_1024/matrices/perm_random_128n_16MB.cm,128,128,4os,ok,6,128,8312.4,655.7,4354.3,7620.5,8312.4,2.048,0,0,0,0,0,0,0,0,0,2044,19886.2,117728,6.8037,12.9499,12.9881,0.5906
/home/mahmoud_murad_allaah/HTSIM/htsim/sim/datacenter/experiments/runs/all_workloads_128_1024/matrices/perm_random_128n_16MB.cm,128,128,8os,ok,7,128,11679.0,655.1,7241.1,11134.1,11679.0,2.048,0,0,0,0,0,0,0,0,0,1833,25766.3,117504,11.3228,18.2348,18.2484,0.4575
/home/mahmoud_murad_allaah/HTSIM/htsim/sim/datacenter/experiments/runs/all_workloads_128_1024/matrices/perm_random_128n_64MB.cm,128,128,1os,ok,31,128,14847.3,2616.0,8056.3,14695.5,14847.3,8.192,0,0,0,0,0,0,0,0,0,1525,8388.6,116672,3.2049,5.7760,5.7997,0.8108
/home/mahmoud_murad_allaah/HTSIM/htsim/sim/datacenter/experiments/runs/all_workloads_128_1024/matrices/perm_random_128n_64MB.cm,128,128,4os,ok,42,128,27744.3,2632.3,14708.7,25880.1,27744.3,8.192,0,0,0,0,0,0,0,0,0,2070,19953.5,117728,5.7832,10.6869,10.8376,0.6534
/home/mahmoud_murad_allaah/HTSIM/htsim/sim/datacenter/experiments/runs/all_workloads_128_1024/matrices/perm_random_128n_64MB.cm,128,128,8os,ok,58,128,41044.0,2612.0,24590.9,39660.1,41044.0,8.192,0,0,0,0,0,0,0,0,0,2116,26786.6,117504,9.6096,15.9426,16.0328,0.5453
