matrix,workload,size_MB,nodes,conns,stack,topology,status,wall_s,flows_fin,makespan_us,fct_min_us,fct_p50_us,fct_p99_us,fct_max_us,total_GB,New,Rtx,RTS,Bounced,ACKs,NACKs,Pulls,sleek,spurious,pfc_pauses,pfc_pause_us,max_queue_bytes,slowdown_p50,slowdown_p99,slowdown_max,fairness_jain,overflow
/home/mahmoud_murad_allaah/HTSIM/htsim/sim/datacenter/experiments/runs/rail_optimized/matrices/rail_allreduce_1024gpu_100MB.cm,allreduce_rail_aware,100,1024,28672,ib,flat,ok,205,28672,8124.8,28.6,2756.8,6933.4,8124.8,204.600,0,0,0,0,0,0,0,0,0,21745,86508.0,116096,12.5498,1163.7150,1801.8550,0.1678,0
/home/mahmoud_murad_allaah/HTSIM/htsim/sim/datacenter/experiments/runs/rail_optimized/matrices/rail_allreduce_1024gpu_100MB.cm,allreduce_rail_aware,100,1024,28672,ib,rail,ok,197,28672,6442.8,28.6,2242.2,5639.3,6442.8,204.600,0,0,0,0,0,0,0,0,0,11118,44187.6,115968,10.0270,947.1800,1341.9300,0.1696,0
/home/mahmoud_murad_allaah/HTSIM/htsim/sim/datacenter/experiments/runs/rail_optimized/matrices/rail_allreduce_1024gpu_16MB.cm,allreduce_rail_aware,16,1024,28672,ib,flat,ok,33,28672,1297.1,4.9,273.7,862.7,1297.1,32.736,0,0,0,0,0,0,0,0,0,16538,85208.7,117472,7.6717,582.3172,1774.5000,0.1722,0
/home/mahmoud_murad_allaah/HTSIM/htsim/sim/datacenter/experiments/runs/rail_optimized/matrices/rail_allreduce_1024gpu_16MB.cm,allreduce_rail_aware,16,1024,28672,ib,rail,ok,33,28672,1139.2,4.9,243.4,928.9,1139.2,32.736,0,0,0,0,0,0,0,0,0,12865,64269.5,117184,6.9800,639.5117,1548.1437,0.1736,0
/home/mahmoud_murad_allaah/HTSIM/htsim/sim/datacenter/experiments/runs/rail_optimized/matrices/rail_allreduce_1024gpu_64MB.cm,allreduce_rail_aware,64,1024,28672,ib,flat,ok,167,28672,5357.5,18.5,1826.4,4762.1,5357.5,130.944,0,0,0,0,0,0,0,0,0,17667,71328.5,115712,13.3574,1282.2148,1874.0234,0.1680,0
/home/mahmoud_murad_allaah/HTSIM/htsim/sim/datacenter/experiments/runs/rail_optimized/matrices/rail_allreduce_1024gpu_64MB.cm,allreduce_rail_aware,64,1024,28672,ib,rail,ok,163,28672,4538.4,18.5,1528.5,3948.6,4538.4,130.944,0,0,0,0,0,0,0,0,0,9483,38366.9,115008,10.8464,1059.8047,1584.0586,0.1696,0
/home/mahmoud_murad_allaah/HTSIM/htsim/sim/datacenter/experiments/runs/rail_optimized/matrices/rail_allreduce_2048gpu_100MB.cm,allreduce_rail_aware,100,2048,61440,ib,flat,ok,534,61440,8320.8,28.6,2936.8,7196.5,8320.8,409.400,0,0,0,0,0,0,0,0,0,44797,179424.0,114944,14.1913,2330.8846,3634.9279,0.1561,0
/home/mahmoud_murad_allaah/HTSIM/htsim/sim/datacenter/experiments/runs/rail_optimized/matrices/rail_allreduce_2048gpu_100MB.cm,allreduce_rail_aware,100,2048,61440,ib,rail,ok,530,61440,7042.8,28.6,2495.8,6062.1,7042.8,409.400,0,0,0,0,0,0,0,0,0,31204,124075.0,117248,12.0112,1937.8269,3026.7548,0.1574,0
/home/mahmoud_murad_allaah/HTSIM/htsim/sim/datacenter/experiments/runs/rail_optimized/matrices/rail_allreduce_2048gpu_16MB.cm,allreduce_rail_aware,16,2048,61440,ib,flat,ok,85,61440,1388.2,4.9,284.9,1013.5,1388.2,65.504,0,0,0,0,0,0,0,0,0,31652,160944.0,117568,9.2499,1239.3469,3805.2500,0.1603,0
/home/mahmoud_murad_allaah/HTSIM/htsim/sim/datacenter/experiments/runs/rail_optimized/matrices/rail_allreduce_2048gpu_16MB.cm,allreduce_rail_aware,16,2048,61440,ib,rail,ok,81,61440,1236.3,4.9,261.2,978.1,1236.3,65.504,0,0,0,0,0,0,0,0,0,30393,154846.0,117696,8.9758,1226.6844,3354.7188,0.1612,0
/home/mahmoud_murad_allaah/HTSIM/htsim/sim/datacenter/experiments/runs/rail_optimized/matrices/rail_allreduce_2048gpu_64MB.cm,allreduce_rail_aware,64,2048,61440,ib,flat,ok,312,61440,5836.3,18.5,1877.0,5085.5,5836.3,262.016,0,0,0,0,0,0,0,0,0,35498,147240.0,115904,15.0344,2698.5078,4153.5859,0.1565,0
/home/mahmoud_murad_allaah/HTSIM/htsim/sim/datacenter/experiments/runs/rail_optimized/matrices/rail_allreduce_2048gpu_64MB.cm,allreduce_rail_aware,64,2048,61440,ib,rail,ok,309,61440,4981.6,18.5,1644.6,4328.1,4981.6,262.016,0,0,0,0,0,0,0,0,0,28858,115641.0,115520,13.0470,2291.0469,3416.6328,0.1576,0
/home/mahmoud_murad_allaah/HTSIM/htsim/sim/datacenter/experiments/runs/rail_optimized/matrices/rail_alltoall_moe_1024gpu_100MB.cm,alltoall_moe_rail_aware,100,1024,137216,ib,flat,ok,364,137216,31721.1,29.8,17375.0,29885.9,31721.1,191.200,0,0,0,0,0,0,0,0,0,1143035,10845000.0,156672,554.0497,953.0006,1011.5147,0.0186,0
/home/mahmoud_murad_allaah/HTSIM/htsim/sim/datacenter/experiments/runs/rail_optimized/matrices/rail_alltoall_moe_1024gpu_100MB.cm,alltoall_moe_rail_aware,100,1024,137216,ib,rail,ok,333,137216,29603.3,29.8,16697.1,27223.9,29603.3,191.200,0,0,0,0,0,0,0,0,0,993134,8337620.0,156672,532.4330,868.1505,943.9828,0.0186,12833
/home/mahmoud_murad_allaah/HTSIM/htsim/sim/datacenter/experiments/runs/rail_optimized/matrices/rail_alltoall_moe_1024gpu_16MB.cm,alltoall_moe_rail_aware,16,1024,137216,ib,flat,ok,56,137216,7448.6,6.1,4721.0,7161.5,7448.6,30.592,0,0,0,0,0,0,0,0,0,194083,2922780.0,157056,922.0820,1398.7461,1454.7969,0.0262,0
/home/mahmoud_murad_allaah/HTSIM/htsim/sim/datacenter/experiments/runs/rail_optimized/matrices/rail_alltoall_moe_1024gpu_16MB.cm,alltoall_moe_rail_aware,16,1024,137216,ib,rail,ok,52,137216,4968.1,6.1,2842.9,4609.0,4968.1,30.592,0,0,0,0,0,0,0,0,0,173597,1692950.0,157056,555.2598,900.2188,970.3418,0.0267,6980
/home/mahmoud_murad_allaah/HTSIM/htsim/sim/datacenter/experiments/runs/rail_optimized/matrices/rail_alltoall_moe_1024gpu_64MB.cm,alltoall_moe_rail_aware,64,1024,137216,ib,flat,ok,228,137216,23706.5,19.5,14127.7,22595.2,23706.5,122.368,0,0,0,0,0,0,0,0,0,993317,13736500.0,154432,706.4000,1129.7700,1185.3250,0.0220,0
/home/mahmoud_murad_allaah/HTSIM/htsim/sim/datacenter/experiments/runs/rail_optimized/matrices/rail_alltoall_moe_1024gpu_64MB.cm,alltoall_moe_rail_aware,64,1024,137216,ib,rail,ok,209,137216,19864.6,19.5,11392.4,18615.5,19864.6,122.368,0,0,0,0,0,0,0,0,0,896004,9729380.0,154432,569.6200,930.8200,993.2300,0.0222,11842
/home/mahmoud_murad_allaah/HTSIM/htsim/sim/datacenter/experiments/runs/rail_optimized/matrices/rail_alltoall_moe_2048gpu_100MB.cm,alltoall_moe_rail_aware,100,2048,536576,ib,flat,incomplete,1575,379258,40786.2,29.8,32066.1,40613.4,40786.2,383.199,0,0,0,0,0,0,0,0,0,0,0,0,2045.0319,2590.1403,2601.1607,0.0131,84054
/home/mahmoud_murad_allaah/HTSIM/htsim/sim/datacenter/experiments/runs/rail_optimized/matrices/rail_alltoall_moe_2048gpu_100MB.cm,alltoall_moe_rail_aware,100,2048,536576,ib,rail,incomplete,841,412884,30766.8,29.8,22463.4,30586.0,30766.8,383.199,0,0,0,0,0,0,0,0,0,0,0,0,1432.6212,1950.6378,1962.1684,0.0121,36089
/home/mahmoud_murad_allaah/HTSIM/htsim/sim/datacenter/experiments/runs/rail_optimized/matrices/rail_alltoall_moe_2048gpu_16MB.cm,alltoall_moe_rail_aware,16,2048,536576,ib,flat,ok,145,536576,8443.0,6.1,5706.3,8106.8,8443.0,61.308,0,0,0,0,0,0,0,0,0,311413,5633000.0,157056,2229.0156,3166.7422,3298.0664,0.0133,2116
/home/mahmoud_murad_allaah/HTSIM/htsim/sim/datacenter/experiments/runs/rail_optimized/matrices/rail_alltoall_moe_2048gpu_16MB.cm,alltoall_moe_rail_aware,16,2048,536576,ib,rail,ok,139,536576,7012.8,6.1,4203.8,6514.0,7012.8,61.308,0,0,0,0,0,0,0,0,0,319079,3083130.0,157056,1642.1133,2544.5195,2739.3789,0.0135,3020
/home/mahmoud_murad_allaah/HTSIM/htsim/sim/datacenter/experiments/runs/rail_optimized/matrices/rail_alltoall_moe_2048gpu_64MB.cm,alltoall_moe_rail_aware,64,2048,536576,ib,flat,ok,564,536576,35770.8,19.5,25042.2,34517.3,35770.8,245.248,0,0,0,0,0,0,0,0,0,1906738,47808100.0,154432,2484.3452,3424.3552,3548.6905,0.0111,83146
/home/mahmoud_murad_allaah/HTSIM/htsim/sim/datacenter/experiments/runs/rail_optimized/matrices/rail_alltoall_moe_2048gpu_64MB.cm,alltoall_moe_rail_aware,64,2048,536576,ib,rail,ok,531,536576,27925.1,19.5,17297.0,26277.6,27925.1,245.248,0,0,0,0,0,0,0,0,0,1889201,33864400.0,154432,1715.9821,2606.9444,2770.3472,0.0112,22385
/home/mahmoud_murad_allaah/HTSIM/htsim/sim/datacenter/experiments/runs/rail_optimized/matrices/rail_allreduce_1024gpu_100MB.cm,allreduce_rail_aware,100,1024,28672,uet,flat,ok,245,28672,1719.9,28.7,799.3,1592.5,1719.9,204.600,50089984,28381,0,0,13361946,28381,0,0,0,0,0,0,0.0000,0.0000,0.0000,0.0000,0
/home/mahmoud_murad_allaah/HTSIM/htsim/sim/datacenter/experiments/runs/rail_optimized/matrices/rail_allreduce_1024gpu_100MB.cm,allreduce_rail_aware,100,1024,28672,uet,rail,ok,240,28672,1882.4,28.7,778.7,1619.3,1882.4,204.600,50089984,25069,0,0,13186298,25069,0,0,0,0,0,0,0.0000,0.0000,0.0000,0.0000,0
/home/mahmoud_murad_allaah/HTSIM/htsim/sim/datacenter/experiments/runs/rail_optimized/matrices/rail_allreduce_1024gpu_16MB.cm,allreduce_rail_aware,16,1024,28672,uet,flat,ok,38,28672,355.7,4.9,178.7,353.0,355.7,32.736,8026112,0,0,0,2066799,0,0,0,0,0,0,0,0.0000,0.0000,0.0000,0.0000,0
/home/mahmoud_murad_allaah/HTSIM/htsim/sim/datacenter/experiments/runs/rail_optimized/matrices/rail_allreduce_1024gpu_16MB.cm,allreduce_rail_aware,16,1024,28672,uet,rail,ok,38,28672,357.2,4.9,163.6,322.4,357.2,32.736,8026112,28,0,0,2066321,28,0,0,0,0,0,0,0.0000,0.0000,0.0000,0.0000,0
/home/mahmoud_murad_allaah/HTSIM/htsim/sim/datacenter/experiments/runs/rail_optimized/matrices/rail_allreduce_1024gpu_64MB.cm,allreduce_rail_aware,64,1024,28672,uet,flat,ok,164,28672,1232.4,18.5,533.8,1060.7,1232.4,130.944,32055296,9450,0,0,8427097,9450,0,0,0,0,0,0,0.0000,0.0000,0.0000,0.0000,0
/home/mahmoud_murad_allaah/HTSIM/htsim/sim/datacenter/experiments/runs/rail_optimized/matrices/rail_allreduce_1024gpu_64MB.cm,allreduce_rail_aware,64,1024,28672,uet,rail,ok,201,28672,1174.2,18.5,513.5,1020.4,1174.2,130.944,32055296,10744,0,0,8419109,10744,0,0,0,0,0,0,0.0000,0.0000,0.0000,0.0000,0
/home/mahmoud_murad_allaah/HTSIM/htsim/sim/datacenter/experiments/runs/rail_optimized/matrices/rail_allreduce_2048gpu_100MB.cm,allreduce_rail_aware,100,2048,61440,uet,flat,ok,644,61440,1739.2,28.7,809.6,1614.6,1739.2,409.400,100229120,56236,0,0,26741344,56236,0,0,0,0,0,0,0.0000,0.0000,0.0000,0.0000,0
/home/mahmoud_murad_allaah/HTSIM/htsim/sim/datacenter/experiments/runs/rail_optimized/matrices/rail_allreduce_2048gpu_100MB.cm,allreduce_rail_aware,100,2048,61440,uet,rail,ok,618,61440,1865.0,28.7,790.8,1610.4,1865.0,409.400,100229120,44253,0,0,26454674,44253,0,0,0,0,0,0,0.0000,0.0000,0.0000,0.0000,0
/home/mahmoud_murad_allaah/HTSIM/htsim/sim/datacenter/experiments/runs/rail_optimized/matrices/rail_allreduce_2048gpu_16MB.cm,allreduce_rail_aware,16,2048,61440,uet,flat,ok,88,61440,374.4,4.9,187.4,370.3,374.4,65.504,16060416,12,0,0,4144065,12,0,0,0,0,0,0,0.0000,0.0000,0.0000,0.0000,0
/home/mahmoud_murad_allaah/HTSIM/htsim/sim/datacenter/experiments/runs/rail_optimized/matrices/rail_allreduce_2048gpu_16MB.cm,allreduce_rail_aware,16,2048,61440,uet,rail,ok,91,61440,374.8,4.9,173.6,342.6,374.8,65.504,16060416,23,0,0,4138110,23,0,0,0,0,0,0,0.0000,0.0000,0.0000,0.0000,0
/home/mahmoud_murad_allaah/HTSIM/htsim/sim/datacenter/experiments/runs/rail_optimized/matrices/rail_allreduce_2048gpu_64MB.cm,allreduce_rail_aware,64,2048,61440,uet,flat,ok,361,61440,1178.4,18.5,543.2,1081.3,1178.4,262.016,64143360,19483,0,0,16872810,19483,0,0,0,0,0,0,0.0000,0.0000,0.0000,0.0000,0
/home/mahmoud_murad_allaah/HTSIM/htsim/sim/datacenter/experiments/runs/rail_optimized/matrices/rail_allreduce_2048gpu_64MB.cm,allreduce_rail_aware,64,2048,61440,uet,rail,ok,353,61440,1204.9,18.5,525.7,1046.3,1204.9,262.016,64143360,18926,0,0,16848683,18926,0,0,0,0,0,0,0.0000,0.0000,0.0000,0.0000,0
/home/mahmoud_murad_allaah/HTSIM/htsim/sim/datacenter/experiments/runs/rail_optimized/matrices/rail_alltoall_moe_1024gpu_100MB.cm,alltoall_moe_rail_aware,100,1024,137216,uet,flat,ok,393,137216,34980.7,29.0,17163.0,31717.9,34980.7,191.200,46903296,3719890,1,0,18965256,3719577,0,0,0,0,0,0,0.0000,0.0000,0.0000,0.0000,0
/home/mahmoud_murad_allaah/HTSIM/htsim/sim/datacenter/experiments/runs/rail_optimized/matrices/rail_alltoall_moe_1024gpu_100MB.cm,alltoall_moe_rail_aware,100,1024,137216,uet,rail,ok,362,137216,33141.9,29.0,13813.8,28920.9,33141.9,191.200,46903296,3729592,3,0,19916997,3729307,0,0,0,0,0,0,0.0000,0.0000,0.0000,0.0000,0
/home/mahmoud_murad_allaah/HTSIM/htsim/sim/datacenter/experiments/runs/rail_optimized/matrices/rail_alltoall_moe_1024gpu_16MB.cm,alltoall_moe_rail_aware,16,1024,137216,uet,flat,ok,105,137216,4813.0,5.0,2315.9,4284.1,4813.0,30.592,7543808,744762,0,0,2758751,744758,0,0,0,0,0,0,0.0000,0.0000,0.0000,0.0000,0
/home/mahmoud_murad_allaah/HTSIM/htsim/sim/datacenter/experiments/runs/rail_optimized/matrices/rail_alltoall_moe_1024gpu_16MB.cm,alltoall_moe_rail_aware,16,1024,137216,uet,rail,ok,60,137216,4679.0,5.0,2176.1,4171.7,4679.0,30.592,7543808,766293,0,0,2706371,766288,0,0,0,0,0,0,0.0000,0.0000,0.0000,0.0000,0
/home/mahmoud_murad_allaah/HTSIM/htsim/sim/datacenter/experiments/runs/rail_optimized/matrices/rail_alltoall_moe_1024gpu_64MB.cm,alltoall_moe_rail_aware,64,1024,137216,uet,flat,ok,279,137216,21477.6,18.7,11091.9,19646.6,21477.6,122.368,30030848,3817457,0,0,14242903,3817267,0,0,0,0,0,0,0.0000,0.0000,0.0000,0.0000,0
/home/mahmoud_murad_allaah/HTSIM/htsim/sim/datacenter/experiments/runs/rail_optimized/matrices/rail_alltoall_moe_1024gpu_64MB.cm,alltoall_moe_rail_aware,64,1024,137216,uet,rail,ok,268,137216,19807.0,18.7,9429.8,17479.2,19807.0,122.368,30030848,3834662,0,0,15158096,3834483,0,0,0,0,0,0,0.0000,0.0000,0.0000,0.0000,0
/home/mahmoud_murad_allaah/HTSIM/htsim/sim/datacenter/experiments/runs/rail_optimized/matrices/rail_alltoall_moe_2048gpu_100MB.cm,alltoall_moe_rail_aware,100,2048,536576,uet,flat,ok,1286,536576,37178.9,29.0,19955.4,34159.6,37178.9,383.199,94003200,17587253,2,0,49792700,17581340,0,0,0,0,0,0,0.0000,0.0000,0.0000,0.0000,0
/home/mahmoud_murad_allaah/HTSIM/htsim/sim/datacenter/experiments/runs/rail_optimized/matrices/rail_alltoall_moe_2048gpu_100MB.cm,alltoall_moe_rail_aware,100,2048,536576,uet,rail,ok,1262,536576,31203.6,29.0,15948.3,28648.5,31203.6,383.199,94003200,17640897,1,0,51771138,17637204,0,0,0,0,0,0,0.0000,0.0000,0.0000,0.0000,0
/home/mahmoud_murad_allaah/HTSIM/htsim/sim/datacenter/experiments/runs/rail_optimized/matrices/rail_alltoall_moe_2048gpu_16MB.cm,alltoall_moe_rail_aware,16,2048,536576,uet,flat,ok,144,536576,5387.2,5.0,2867.6,5002.9,5387.2,61.308,15380480,1146667,0,0,5667390,1146651,0,0,0,0,0,0,0.0000,0.0000,0.0000,0.0000,0
/home/mahmoud_murad_allaah/HTSIM/htsim/sim/datacenter/experiments/runs/rail_optimized/matrices/rail_alltoall_moe_2048gpu_16MB.cm,alltoall_moe_rail_aware,16,2048,536576,uet,rail,ok,141,536576,5038.0,5.0,2568.1,4615.9,5038.0,61.308,15380480,1171865,0,0,5620735,1171848,0,0,0,0,0,0,0.0000,0.0000,0.0000,0.0000,0
/home/mahmoud_murad_allaah/HTSIM/htsim/sim/datacenter/experiments/runs/rail_optimized/matrices/rail_alltoall_moe_2048gpu_64MB.cm,alltoall_moe_rail_aware,64,2048,536576,uet,flat,ok,884,536576,26133.8,18.7,13416.3,23918.0,26133.8,245.248,60448768,16723302,0,0,31465859,16720394,0,0,0,0,0,0,0.0000,0.0000,0.0000,0.0000,0
/home/mahmoud_murad_allaah/HTSIM/htsim/sim/datacenter/experiments/runs/rail_optimized/matrices/rail_alltoall_moe_2048gpu_64MB.cm,alltoall_moe_rail_aware,64,2048,536576,uet,rail,ok,818,536576,23449.6,18.7,10863.5,20349.3,23449.6,245.248,60448768,16368685,1,0,31994314,16367463,0,0,0,0,0,0,0.0000,0.0000,0.0000,0.0000,0
