matrix,stack,topology,overall_n,overall_mean,overall_p50,overall_p95,overall_p99,overall_max,tier0_up_n,tier0_up_mean,tier0_up_p50,tier0_up_p95,tier0_up_p99,tier0_up_max,tier0_down_n,tier0_down_mean,tier0_down_p50,tier0_down_p95,tier0_down_p99,tier0_down_max,tier1_up_n,tier1_up_mean,tier1_up_p50,tier1_up_p95,tier1_up_p99,tier1_up_max,tier1_down_n,tier1_down_mean,tier1_down_p50,tier1_down_p95,tier1_down_p99,tier1_down_max,tier2_up_n,tier2_up_mean,tier2_up_p50,tier2_up_p95,tier2_up_p99,tier2_up_max,tier2_down_n,tier2_down_mean,tier2_down_p50,tier2_down_p95,tier2_down_p99,tier2_down_max
rail_allreduce_1024gpu_100MB,ib,flat,6144,0.0979,0.1185,0.1754,0.2352,0.3371,2048,0.0853,0.1262,0.1262,0.1262,0.1262,2048,0.0853,0.1262,0.1262,0.1262,0.1262,1024,0.1232,0.1191,0.2179,0.2560,0.3279,1024,0.1232,0.1172,0.2131,0.2735,0.3371,0,0.0000,0.0000,0.0000,0.0000,0.0000,0,0.0000,0.0000,0.0000,0.0000,0.0000
rail_allreduce_1024gpu_100MB,ib,rail,6143,0.1118,0.1196,0.1797,0.2416,0.3973,2048,0.1076,0.1591,0.1591,0.1591,0.1591,2048,0.1076,0.1591,0.1591,0.1591,0.1591,1024,0.1202,0.1196,0.2226,0.2777,0.3973,1023,0.1203,0.1193,0.2238,0.2779,0.3950,0,0.0000,0.0000,0.0000,0.0000,0.0000,0,0.0000,0.0000,0.0000,0.0000,0.0000
rail_allreduce_1024gpu_16MB,ib,flat,6144,0.0984,0.1196,0.1759,0.2304,0.3288,2048,0.0857,0.1268,0.1268,0.1268,0.1269,2048,0.0857,0.1268,0.1268,0.1268,0.1268,1024,0.1238,0.1197,0.2188,0.2571,0.3288,1024,0.1238,0.1195,0.2148,0.2667,0.3214,0,0.0000,0.0000,0.0000,0.0000,0.0000,0,0.0000,0.0000,0.0000,0.0000,0.0000
rail_allreduce_1024gpu_16MB,ib,rail,6143,0.1013,0.1079,0.1631,0.2169,0.3774,2048,0.0976,0.1444,0.1444,0.1444,0.1444,2048,0.0976,0.1444,0.1444,0.1444,0.1444,1024,0.1087,0.1082,0.2013,0.2511,0.3593,1023,0.1088,0.1079,0.2152,0.2537,0.3774,0,0.0000,0.0000,0.0000,0.0000,0.0000,0,0.0000,0.0000,0.0000,0.0000,0.0000
rail_allreduce_1024gpu_64MB,ib,flat,6144,0.0950,0.1148,0.1701,0.2275,0.3408,2048,0.0828,0.1224,0.1224,0.1224,0.1224,2048,0.0828,0.1224,0.1224,0.1224,0.1224,1024,0.1195,0.1156,0.2115,0.2484,0.3181,1024,0.1195,0.1139,0.2105,0.2536,0.3408,0,0.0000,0.0000,0.0000,0.0000,0.0000,0,0.0000,0.0000,0.0000,0.0000,0.0000
rail_allreduce_1024gpu_64MB,ib,rail,6144,0.1015,0.1083,0.1634,0.2178,0.3607,2048,0.0977,0.1445,0.1445,0.1445,0.1445,2048,0.0977,0.1445,0.1445,0.1445,0.1445,1024,0.1092,0.1086,0.2021,0.2521,0.3607,1024,0.1092,0.1083,0.2158,0.2365,0.3414,0,0.0000,0.0000,0.0000,0.0000,0.0000,0,0.0000,0.0000,0.0000,0.0000,0.0000
rail_allreduce_2048gpu_100MB,ib,flat,12288,0.0964,0.1175,0.1753,0.2280,0.3207,4096,0.0836,0.1237,0.1237,0.1237,0.1237,4096,0.0836,0.1237,0.1237,0.1237,0.1237,2048,0.1222,0.1177,0.2112,0.2518,0.3057,2048,0.1222,0.1175,0.2142,0.2568,0.3207,0,0.0000,0.0000,0.0000,0.0000,0.0000,0,0.0000,0.0000,0.0000,0.0000,0.0000
rail_allreduce_2048gpu_100MB,ib,rail,12288,0.1086,0.1273,0.1834,0.2447,0.3620,4096,0.0987,0.1462,0.1462,0.1462,0.1462,4096,0.0987,0.1462,0.1462,0.1462,0.1462,2048,0.1283,0.1273,0.2272,0.2716,0.3620,2048,0.1283,0.1274,0.2269,0.2809,0.3458,0,0.0000,0.0000,0.0000,0.0000,0.0000,0,0.0000,0.0000,0.0000,0.0000,0.0000
rail_allreduce_2048gpu_16MB,ib,flat,12288,0.0927,0.1126,0.1691,0.2189,0.3032,4096,0.0803,0.1190,0.1190,0.1190,0.1190,4096,0.0803,0.1190,0.1190,0.1190,0.1190,2048,0.1176,0.1132,0.2030,0.2419,0.2935,2048,0.1176,0.1120,0.2040,0.2442,0.3032,0,0.0000,0.0000,0.0000,0.0000,0.0000,0,0.0000,0.0000,0.0000,0.0000,0.0000
rail_allreduce_2048gpu_16MB,ib,rail,12288,0.0991,0.1160,0.1671,0.2166,0.3299,4096,0.0902,0.1336,0.1336,0.1336,0.1336,4096,0.0902,0.1336,0.1336,0.1336,0.1336,2048,0.1170,0.1161,0.2071,0.2475,0.3299,2048,0.1170,0.1158,0.2070,0.2646,0.3219,0,0.0000,0.0000,0.0000,0.0000,0.0000,0,0.0000,0.0000,0.0000,0.0000,0.0000
rail_allreduce_2048gpu_64MB,ib,flat,12288,0.0880,0.1068,0.1606,0.2070,0.2788,4096,0.0762,0.1128,0.1128,0.1129,0.1129,4096,0.0762,0.1128,0.1128,0.1128,0.1129,2048,0.1115,0.1073,0.1927,0.2297,0.2788,2048,0.1115,0.1062,0.1944,0.2260,0.2620,0,0.0000,0.0000,0.0000,0.0000,0.0000,0,0.0000,0.0000,0.0000,0.0000,0.0000
rail_allreduce_2048gpu_64MB,ib,rail,12288,0.0982,0.1150,0.1656,0.2213,0.3274,4096,0.0893,0.1322,0.1322,0.1322,0.1322,4096,0.0893,0.1322,0.1322,0.1322,0.1322,2048,0.1160,0.1151,0.2055,0.2456,0.3274,2048,0.1160,0.1149,0.2055,0.2545,0.2883,0,0.0000,0.0000,0.0000,0.0000,0.0000,0,0.0000,0.0000,0.0000,0.0000,0.0000
rail_alltoall_moe_1024gpu_100MB,ib,flat,6144,0.0873,0.1263,0.1385,0.1477,0.1636,2048,0.0677,0.1296,0.1296,0.1297,0.1301,2048,0.0677,0.1296,0.1296,0.1296,0.1296,1024,0.1265,0.1264,0.1444,0.1515,0.1636,1024,0.1265,0.1259,0.1457,0.1527,0.1617,0,0.0000,0.0000,0.0000,0.0000,0.0000,0,0.0000,0.0000,0.0000,0.0000,0.0000
rail_alltoall_moe_1024gpu_100MB,ib,rail,6144,0.0833,0.1049,0.1389,0.1389,0.1395,2048,0.0725,0.1389,0.1389,0.1390,0.1394,2048,0.0725,0.1388,0.1389,0.1389,0.1389,1024,0.1050,0.1049,0.1229,0.1289,0.1395,1024,0.1050,0.1049,0.1233,0.1310,0.1363,0,0.0000,0.0000,0.0000,0.0000,0.0000,0,0.0000,0.0000,0.0000,0.0000,0.0000
rail_alltoall_moe_1024gpu_16MB,ib,flat,6144,0.0607,0.0879,0.0962,0.1027,0.1145,2048,0.0470,0.0902,0.0902,0.0902,0.0906,2048,0.0470,0.0901,0.0902,0.0902,0.0902,1024,0.0880,0.0879,0.1005,0.1054,0.1138,1024,0.0880,0.0880,0.1018,0.1053,0.1145,0,0.0000,0.0000,0.0000,0.0000,0.0000,0,0.0000,0.0000,0.0000,0.0000,0.0000
rail_alltoall_moe_1024gpu_16MB,ib,rail,6144,0.0811,0.1019,0.1352,0.1352,0.1358,2048,0.0705,0.1352,0.1352,0.1352,0.1357,2048,0.0705,0.1351,0.1352,0.1352,0.1352,1024,0.1022,0.1021,0.1197,0.1254,0.1358,1024,0.1022,0.1014,0.1190,0.1272,0.1325,0,0.0000,0.0000,0.0000,0.0000,0.0000,0,0.0000,0.0000,0.0000,0.0000,0.0000
rail_alltoall_moe_1024gpu_64MB,ib,flat,6144,0.0745,0.1079,0.1181,0.1260,0.1412,2048,0.0577,0.1106,0.1106,0.1107,0.1110,2048,0.0577,0.1106,0.1106,0.1106,0.1106,1024,0.1080,0.1078,0.1233,0.1293,0.1397,1024,0.1080,0.1081,0.1234,0.1304,0.1412,0,0.0000,0.0000,0.0000,0.0000,0.0000,0,0.0000,0.0000,0.0000,0.0000,0.0000
rail_alltoall_moe_1024gpu_64MB,ib,rail,6144,0.0792,0.0997,0.1320,0.1320,0.1326,2048,0.0689,0.1320,0.1320,0.1321,0.1325,2048,0.0689,0.1320,0.1320,0.1320,0.1320,1024,0.0998,0.0997,0.1169,0.1225,0.1326,1024,0.0998,0.0997,0.1165,0.1231,0.1275,0,0.0000,0.0000,0.0000,0.0000,0.0000,0,0.0000,0.0000,0.0000,0.0000,0.0000
rail_alltoall_moe_2048gpu_100MB,ib,flat,0,0,0,0,0,0,0,0,0,0,0,0,0,0,0,0,0,0,0,0,0,0,0,0,0,0,0,0,0,0,0,0,0,0,0,0,0,0,0,0,0,0
rail_alltoall_moe_2048gpu_100MB,ib,rail,0,0,0,0,0,0,0,0,0,0,0,0,0,0,0,0,0,0,0,0,0,0,0,0,0,0,0,0,0,0,0,0,0,0,0,0,0,0,0,0,0,0
rail_alltoall_moe_2048gpu_16MB,ib,flat,12288,0.0541,0.0790,0.0837,0.0881,0.0953,4096,0.0417,0.0799,0.0799,0.0799,0.0806,4096,0.0417,0.0798,0.0799,0.0799,0.0799,2048,0.0790,0.0789,0.0871,0.0911,0.0944,2048,0.0790,0.0790,0.0867,0.0900,0.0953,0,0.0000,0.0000,0.0000,0.0000,0.0000,0,0.0000,0.0000,0.0000,0.0000,0.0000
rail_alltoall_moe_2048gpu_16MB,ib,rail,12288,0.0616,0.0845,0.0962,0.0962,0.1056,4096,0.0502,0.0962,0.0962,0.0962,0.0969,4096,0.0502,0.0961,0.0962,0.0962,0.0963,2048,0.0845,0.0845,0.0931,0.0968,0.1056,2048,0.0845,0.0843,0.0935,0.0976,0.0998,0,0.0000,0.0000,0.0000,0.0000,0.0000,0,0.0000,0.0000,0.0000,0.0000,0.0000
rail_alltoall_moe_2048gpu_64MB,ib,flat,12288,0.0503,0.0733,0.0779,0.0822,0.0910,4096,0.0387,0.0742,0.0742,0.0743,0.0746,4096,0.0387,0.0742,0.0742,0.0742,0.0742,2048,0.0733,0.0733,0.0809,0.0846,0.0877,2048,0.0733,0.0732,0.0810,0.0845,0.0910,0,0.0000,0.0000,0.0000,0.0000,0.0000,0,0.0000,0.0000,0.0000,0.0000,0.0000
rail_alltoall_moe_2048gpu_64MB,ib,rail,12288,0.0609,0.0835,0.0951,0.0951,0.1043,4096,0.0496,0.0950,0.0951,0.0951,0.0956,4096,0.0496,0.0950,0.0951,0.0951,0.0951,2048,0.0835,0.0835,0.0920,0.0956,0.1043,2048,0.0835,0.0835,0.0922,0.0960,0.1037,0,0.0000,0.0000,0.0000,0.0000,0.0000,0,0.0000,0.0000,0.0000,0.0000,0.0000
rail_allreduce_1024gpu_100MB,uet,flat,6144,0.4582,0.5764,0.5925,0.5931,0.6026,2048,0.3998,0.5903,0.5928,0.5934,0.5985,2048,0.3985,0.5892,0.5896,0.5897,0.5927,1024,0.5769,0.5771,0.5895,0.5946,0.6026,1024,0.5756,0.5758,0.5878,0.5923,0.5973,0,0.0000,0.0000,0.0000,0.0000,0.0000,0,0.0000,0.0000,0.0000,0.0000,0.0000
rail_allreduce_1024gpu_100MB,uet,rail,6144,0.3791,0.4091,0.5411,0.5430,0.5492,2048,0.3650,0.5385,0.5424,0.5439,0.5492,2048,0.3641,0.5380,0.5400,0.5413,0.5438,1024,0.4084,0.4092,0.4246,0.4307,0.4414,1024,0.4077,0.4089,0.4233,0.4298,0.4398,0,0.0000,0.0000,0.0000,0.0000,0.0000,0,0.0000,0.0000,0.0000,0.0000,0.0000
rail_allreduce_1024gpu_16MB,uet,flat,6144,0.3535,0.4455,0.4637,0.4766,0.5007,2048,0.3080,0.4553,0.4554,0.4554,0.4555,2048,0.3080,0.4553,0.4554,0.4554,0.4555,1024,0.4446,0.4455,0.4741,0.4833,0.5007,1024,0.4446,0.4456,0.4728,0.4799,0.4905,0,0.0000,0.0000,0.0000,0.0000,0.0000,0,0.0000,0.0000,0.0000,0.0000,0.0000
rail_allreduce_1024gpu_16MB,uet,rail,6144,0.3187,0.3436,0.4535,0.4535,0.4577,2048,0.3067,0.4534,0.4535,0.4536,0.4577,2048,0.3067,0.4534,0.4535,0.4536,0.4572,1024,0.3427,0.3436,0.3698,0.3793,0.3902,1024,0.3427,0.3436,0.3701,0.3772,0.3937,0,0.0000,0.0000,0.0000,0.0000,0.0000,0,0.0000,0.0000,0.0000,0.0000,0.0000
rail_allreduce_1024gpu_64MB,uet,flat,6144,0.4087,0.5142,0.5279,0.5316,0.5435,2048,0.3564,0.5263,0.5281,0.5288,0.5359,2048,0.3558,0.5260,0.5263,0.5264,0.5317,1024,0.5144,0.5146,0.5288,0.5349,0.5435,1024,0.5138,0.5138,0.5287,0.5355,0.5397,0,0.0000,0.0000,0.0000,0.0000,0.0000,0,0.0000,0.0000,0.0000,0.0000,0.0000
rail_allreduce_1024gpu_64MB,uet,rail,6144,0.3885,0.4184,0.5540,0.5548,0.5590,2048,0.3741,0.5521,0.5546,0.5553,0.5590,2048,0.3734,0.5519,0.5524,0.5525,0.5562,1024,0.4184,0.4188,0.4307,0.4355,0.4426,1024,0.4177,0.4179,0.4292,0.4355,0.4404,0,0.0000,0.0000,0.0000,0.0000,0.0000,0,0.0000,0.0000,0.0000,0.0000,0.0000
rail_allreduce_2048gpu_100MB,uet,flat,12288,0.4569,0.5791,0.5885,0.5932,0.6028,4096,0.3965,0.5860,0.5885,0.5891,0.5937,4096,0.3952,0.5850,0.5853,0.5854,0.5892,2048,0.5797,0.5799,0.5921,0.5968,0.6028,2048,0.5784,0.5785,0.5900,0.5953,0.6003,0,0.0000,0.0000,0.0000,0.0000,0.0000,0,0.0000,0.0000,0.0000,0.0000,0.0000
rail_allreduce_2048gpu_100MB,uet,rail,12288,0.4060,0.4805,0.5477,0.5494,0.5550,4096,0.3694,0.5457,0.5487,0.5512,0.5550,4096,0.3685,0.5451,0.5465,0.5482,0.5506,2048,0.4804,0.4810,0.4945,0.5001,0.5142,2048,0.4797,0.4801,0.4928,0.4983,0.5101,0,0.0000,0.0000,0.0000,0.0000,0.0000,0,0.0000,0.0000,0.0000,0.0000,0.0000
rail_allreduce_2048gpu_16MB,uet,flat,12288,0.3387,0.4298,0.4471,0.4595,0.4827,4096,0.2934,0.4343,0.4344,0.4344,0.4348,4096,0.2934,0.4343,0.4344,0.4344,0.4345,2048,0.4292,0.4300,0.4566,0.4663,0.4785,2048,0.4292,0.4293,0.4563,0.4676,0.4827,0,0.0000,0.0000,0.0000,0.0000,0.0000,0,0.0000,0.0000,0.0000,0.0000,0.0000
rail_allreduce_2048gpu_16MB,uet,rail,12288,0.3224,0.3821,0.4339,0.4339,0.4361,4096,0.2931,0.4338,0.4339,0.4339,0.4361,4096,0.2931,0.4338,0.4339,0.4339,0.4348,2048,0.3811,0.3822,0.4065,0.4160,0.4282,2048,0.3811,0.3821,0.4070,0.4157,0.4301,0,0.0000,0.0000,0.0000,0.0000,0.0000,0,0.0000,0.0000,0.0000,0.0000,0.0000
rail_allreduce_2048gpu_64MB,uet,flat,12288,0.4311,0.5464,0.5560,0.5631,0.5790,4096,0.3738,0.5524,0.5545,0.5550,0.5609,4096,0.3732,0.5522,0.5526,0.5526,0.5564,2048,0.5467,0.5467,0.5613,0.5675,0.5736,2048,0.5460,0.5462,0.5610,0.5670,0.5790,0,0.0000,0.0000,0.0000,0.0000,0.0000,0,0.0000,0.0000,0.0000,0.0000,0.0000
rail_allreduce_2048gpu_64MB,uet,rail,12288,0.4018,0.4752,0.5418,0.5426,0.5489,4096,0.3656,0.5401,0.5423,0.5432,0.5489,4096,0.3649,0.5399,0.5404,0.5408,0.5449,2048,0.4753,0.4756,0.4896,0.4955,0.4995,2048,0.4747,0.4749,0.4889,0.4947,0.4997,0,0.0000,0.0000,0.0000,0.0000,0.0000,0,0.0000,0.0000,0.0000,0.0000,0.0000
rail_alltoall_moe_1024gpu_100MB,uet,flat,6144,0.0833,0.1189,0.1287,0.1429,0.1714,2048,0.0651,0.1166,0.1297,0.1356,0.1377,2048,0.0629,0.1168,0.1225,0.1377,0.1615,1024,0.1218,0.1219,0.1246,0.1257,0.1273,1024,0.1217,0.1191,0.1429,0.1697,0.1714,0,0.0000,0.0000,0.0000,0.0000,0.0000,0,0.0000,0.0000,0.0000,0.0000,0.0000
rail_alltoall_moe_1024gpu_100MB,uet,rail,6144,0.0786,0.0996,0.1343,0.1403,0.1857,2048,0.0688,0.1233,0.1364,0.1405,0.1433,2048,0.0665,0.1238,0.1290,0.1449,0.1857,1024,0.1005,0.1008,0.1036,0.1046,0.1062,1024,0.1005,0.0981,0.1109,0.1122,0.1132,0,0.0000,0.0000,0.0000,0.0000,0.0000,0,0.0000,0.0000,0.0000,0.0000,0.0000
rail_alltoall_moe_1024gpu_16MB,uet,flat,6144,0.0976,0.1350,0.1582,0.2005,0.3043,2048,0.0768,0.1363,0.1613,0.1687,0.1758,2048,0.0730,0.1347,0.1497,0.2002,0.2276,1024,0.1436,0.1438,0.1486,0.1503,0.1523,1024,0.1424,0.1339,0.1987,0.3003,0.3043,0,0.0000,0.0000,0.0000,0.0000,0.0000,0,0.0000,0.0000,0.0000,0.0000,0.0000
rail_alltoall_moe_1024gpu_16MB,uet,rail,6144,0.0907,0.1111,0.1611,0.1776,0.3467,2048,0.0794,0.1385,0.1682,0.1753,0.1864,2048,0.0760,0.1385,0.1502,0.2505,0.3467,1024,0.1167,0.1187,0.1256,0.1285,0.1307,1024,0.1167,0.1060,0.1555,0.1682,0.1737,0,0.0000,0.0000,0.0000,0.0000,0.0000,0,0.0000,0.0000,0.0000,0.0000,0.0000
rail_alltoall_moe_1024gpu_64MB,uet,flat,6144,0.0930,0.1312,0.1489,0.1620,0.1975,2048,0.0732,0.1217,0.1524,0.1555,0.1587,2048,0.0683,0.1259,0.1328,0.1519,0.1768,1024,0.1376,0.1379,0.1416,0.1429,0.1443,1024,0.1373,0.1346,0.1622,0.1949,0.1975,0,0.0000,0.0000,0.0000,0.0000,0.0000,0,0.0000,0.0000,0.0000,0.0000,0.0000
rail_alltoall_moe_1024gpu_64MB,uet,rail,6144,0.0906,0.1170,0.1572,0.1634,0.2137,2048,0.0796,0.1321,0.1605,0.1641,0.1697,2048,0.0744,0.1353,0.1435,0.1711,0.2137,1024,0.1178,0.1180,0.1220,0.1235,0.1262,1024,0.1178,0.1157,0.1286,0.1307,0.1339,0,0.0000,0.0000,0.0000,0.0000,0.0000,0,0.0000,0.0000,0.0000,0.0000,0.0000
rail_alltoall_moe_2048gpu_100MB,uet,flat,12288,0.0923,0.1261,0.1461,0.1549,0.3182,4096,0.0728,0.1105,0.1496,0.1540,0.1588,4096,0.0653,0.1169,0.1260,0.1463,0.2602,2048,0.1389,0.1392,0.1424,0.1438,0.1456,2048,0.1386,0.1360,0.1403,0.3130,0.3182,0,0.0000,0.0000,0.0000,0.0000,0.0000,0,0.0000,0.0000,0.0000,0.0000,0.0000
rail_alltoall_moe_2048gpu_100MB,uet,rail,12288,0.1047,0.1472,0.1726,0.1781,0.3668,4096,0.0868,0.1317,0.1754,0.1800,0.1859,4096,0.0781,0.1407,0.1504,0.1684,0.3668,2048,0.1493,0.1503,0.1534,0.1547,0.1571,2048,0.1493,0.1466,0.1732,0.1767,0.1810,0,0.0000,0.0000,0.0000,0.0000,0.0000,0,0.0000,0.0000,0.0000,0.0000,0.0000
rail_alltoall_moe_2048gpu_16MB,uet,flat,12288,0.0850,0.1210,0.1289,0.1375,0.3536,4096,0.0662,0.1214,0.1310,0.1334,0.1356,4096,0.0643,0.1210,0.1212,0.1485,0.2796,2048,0.1251,0.1251,0.1284,0.1299,0.1328,2048,0.1241,0.1198,0.1250,0.3459,0.3536,0,0.0000,0.0000,0.0000,0.0000,0.0000,0,0.0000,0.0000,0.0000,0.0000,0.0000
rail_alltoall_moe_2048gpu_16MB,uet,rail,12288,0.0866,0.1167,0.1398,0.1630,0.4750,4096,0.0710,0.1293,0.1410,0.1435,0.1457,4096,0.0693,0.1293,0.1296,0.1616,0.4750,2048,0.1195,0.1198,0.1241,0.1256,0.1282,2048,0.1195,0.1141,0.1622,0.1671,0.1751,0,0.0000,0.0000,0.0000,0.0000,0.0000,0,0.0000,0.0000,0.0000,0.0000,0.0000
rail_alltoall_moe_2048gpu_64MB,uet,flat,12288,0.0936,0.1246,0.1548,0.1689,0.3042,4096,0.0746,0.1012,0.1613,0.1695,0.1772,4096,0.0636,0.1105,0.1255,0.1357,0.2325,2048,0.1430,0.1435,0.1488,0.1511,0.1534,2048,0.1424,0.1400,0.1438,0.2975,0.3042,0,0.0000,0.0000,0.0000,0.0000,0.0000,0,0.0000,0.0000,0.0000,0.0000,0.0000
rail_alltoall_moe_2048gpu_64MB,uet,rail,12288,0.0988,0.1364,0.1682,0.1777,0.3342,4096,0.0825,0.1122,0.1738,0.1819,0.1914,4096,0.0709,0.1266,0.1384,0.1528,0.3342,2048,0.1430,0.1458,0.1503,0.1519,0.1546,2048,0.1430,0.1404,0.1657,0.1699,0.1738,0,0.0000,0.0000,0.0000,0.0000,0.0000,0,0.0000,0.0000,0.0000,0.0000,0.0000
